Age,N,Mean,S.D.,L,M,S,Z (LMS),P5,P10,P25,P50,P75,P90,P95,Sex,Bone 
6,37,3.06,0.24,0.787,3.064,0.081,0.01,2.56,2.67,2.86,3.06,3.27,3.46,3.57,F,falange distal do primeiro dedo
7,30,3.21,0.2,0.787,3.241,0.081,-0.13,2.71,2.83,3.02,3.24,3.46,3.66,3.77,F,falange distal do primeiro dedo
8,43,3.46,0.36,0.787,3.42,0.081,0.13,2.86,2.98,3.19,3.42,3.65,3.86,3.98,F,falange distal do primeiro dedo
9,40,3.57,0.31,0.787,3.587,0.081,-0.08,3,3.13,3.35,3.59,3.83,4.05,4.18,F,falange distal do primeiro dedo
10,63,3.76,0.26,0.787,3.735,0.081,0.08,3.12,3.26,3.48,3.73,3.99,4.21,4.35,F,falange distal do primeiro dedo
11,53,3.87,0.29,0.787,3.859,0.081,0.03,3.22,3.36,3.6,3.86,4.12,4.35,4.49,F,falange distal do primeiro dedo
12,42,3.91,0.4,0.787,3.963,0.081,-0.15,3.31,3.46,3.7,3.96,4.23,4.47,4.62,F,falange distal do primeiro dedo
13,33,4.09,0.35,0.787,4.054,0.081,0.1,3.39,3.53,3.78,4.05,4.33,4.57,4.72,F,falange distal do primeiro dedo
14,24,4.18,0.21,0.787,4.124,0.081,0.18,3.45,3.6,3.85,4.12,4.4,4.65,4.8,F,falange distal do primeiro dedo
15,23,4.13,0.29,0.787,4.177,0.081,-0.14,3.49,3.64,3.89,4.18,4.46,4.71,4.86,F,falange distal do primeiro dedo
6,37,2,0.16,0.986,1.987,0.09,0.07,1.66,1.73,1.85,1.99,2.12,2.24,2.31,F,falange proximal do primeiro dedo
7,30,2.07,0.17,0.986,2.084,0.09,-0.06,1.74,1.82,1.94,2.08,2.22,2.35,2.43,F,falange proximal do primeiro dedo
8,43,2.17,0.2,0.986,2.189,0.09,-0.1,1.83,1.91,2.04,2.19,2.34,2.47,2.55,F,falange proximal do primeiro dedo
9,40,2.29,0.21,0.986,2.298,0.09,-0.04,1.92,2,2.14,2.3,2.45,2.59,2.68,F,falange proximal do primeiro dedo
10,63,2.43,0.23,0.986,2.403,0.09,0.13,2.01,2.09,2.24,2.4,2.57,2.71,2.8,F,falange proximal do primeiro dedo
11,53,2.51,0.19,0.986,2.492,0.09,0.08,2.08,2.17,2.32,2.49,2.66,2.81,2.9,F,falange proximal do primeiro dedo
12,42,2.51,0.28,0.986,2.567,0.09,-0.24,2.14,2.24,2.39,2.57,2.74,2.9,2.99,F,falange proximal do primeiro dedo
13,33,2.65,0.28,0.986,2.634,0.09,0.06,2.2,2.3,2.46,2.63,2.81,2.97,3.07,F,falange proximal do primeiro dedo
14,24,2.73,0.16,0.986,2.696,0.09,0.12,2.25,2.35,2.51,2.7,2.88,3.04,3.14,F,falange proximal do primeiro dedo
15,23,2.73,0.25,0.986,2.752,0.09,-0.11,2.3,2.4,2.57,2.75,2.94,3.1,3.2,F,falange proximal do primeiro dedo
6,37,3.06,0.24,0.787,3.064,0.081,0.01,2.56,2.67,2.86,3.06,3.27,3.46,3.57,F,primeiro metacarpo
7,30,3.21,0.2,0.787,3.241,0.081,-0.13,2.71,2.83,3.02,3.24,3.46,3.66,3.77,F,primeiro metacarpo
8,43,3.46,0.36,0.787,3.42,0.081,0.13,2.86,2.98,3.19,3.42,3.65,3.86,3.98,F,primeiro metacarpo
9,40,3.57,0.31,0.787,3.587,0.081,-0.08,3,3.13,3.35,3.59,3.83,4.05,4.18,F,primeiro metacarpo
10,63,3.76,0.26,0.787,3.735,0.081,0.08,3.12,3.26,3.48,3.73,3.99,4.21,4.35,F,primeiro metacarpo
11,53,3.87,0.29,0.787,3.859,0.081,0.03,3.22,3.36,3.6,3.86,4.12,4.35,4.49,F,primeiro metacarpo
12,42,3.91,0.4,0.787,3.963,0.081,-0.15,3.31,3.46,3.7,3.96,4.23,4.47,4.62,F,primeiro metacarpo
13,33,4.09,0.35,0.787,4.054,0.081,0.1,3.39,3.53,3.78,4.05,4.33,4.57,4.72,F,primeiro metacarpo
14,24,4.18,0.21,0.787,4.124,0.081,0.18,3.45,3.6,3.85,4.12,4.4,4.65,4.8,F,primeiro metacarpo
15,23,4.13,0.29,0.787,4.177,0.081,-0.14,3.49,3.64,3.89,4.18,4.46,4.71,4.86,F,primeiro metacarpo
6,37,1.09,0.09,0.781,1.089,0.091,0.01,0.91,0.95,1.02,1.09,1.16,1.23,1.27,F,falange distal do segundo dedo
7,30,1.14,0.1,0.781,1.157,0.091,-0.16,0.97,1.01,1.08,1.16,1.23,1.3,1.35,F,falange distal do segundo dedo
8,43,1.24,0.11,0.781,1.224,0.091,0.11,1.02,1.07,1.14,1.22,1.31,1.38,1.43,F,falange distal do segundo dedo
9,40,1.31,0.13,0.781,1.283,0.091,0.19,1.07,1.12,1.2,1.28,1.37,1.45,1.49,F,falange distal do segundo dedo
10,63,1.32,0.12,0.781,1.33,0.091,-0.09,1.11,1.16,1.24,1.33,1.42,1.5,1.55,F,falange distal do segundo dedo
11,53,1.37,0.14,0.781,1.369,0.091,-0.01,1.14,1.19,1.28,1.37,1.46,1.54,1.59,F,falange distal do segundo dedo
12,42,1.4,0.14,0.781,1.405,0.091,-0.02,1.17,1.23,1.31,1.41,1.5,1.59,1.64,F,falange distal do segundo dedo
13,33,1.45,0.11,0.781,1.437,0.091,0.14,1.2,1.25,1.34,1.44,1.53,1.62,1.67,F,falange distal do segundo dedo
14,24,1.45,0.13,0.781,1.463,0.091,-0.06,1.22,1.28,1.36,1.46,1.56,1.65,1.7,F,falange distal do segundo dedo
15,23,1.49,0.11,0.781,1.486,0.091,0.01,1.24,1.3,1.39,1.49,1.59,1.68,1.73,F,falange distal do segundo dedo
6,37,1.54,0.12,1.433,1.536,0.089,0.03,1.28,1.34,1.43,1.54,1.64,1.73,1.79,F,falange média do segundo dedo
7,30,1.58,0.14,1.433,1.609,0.089,-0.18,1.34,1.4,1.5,1.61,1.72,1.81,1.87,F,falange média do segundo dedo
8,43,1.69,0.16,1.433,1.684,0.089,0.06,1.41,1.47,1.57,1.68,1.8,1.9,1.96,F,falange média do segundo dedo
9,40,1.74,0.17,1.433,1.758,0.089,-0.15,1.47,1.53,1.64,1.76,1.88,1.98,2.05,F,falange média do segundo dedo
10,63,1.85,0.16,1.433,1.828,0.089,0.12,1.53,1.59,1.7,1.83,1.95,2.06,2.13,F,falange média do segundo dedo
11,53,1.88,0.17,1.433,1.889,0.089,-0.05,1.58,1.65,1.76,1.89,2.02,2.13,2.2,F,falange média do segundo dedo
12,42,1.91,0.21,1.433,1.944,0.089,-0.19,1.62,1.69,1.81,1.94,2.08,2.19,2.26,F,falange média do segundo dedo
13,33,2.02,0.2,1.433,1.993,0.089,0.16,1.67,1.74,1.86,1.99,2.13,2.25,2.32,F,falange média do segundo dedo
14,24,2.02,0.12,1.433,2.038,0.089,-0.12,1.7,1.78,1.9,2.04,2.18,2.3,2.37,F,falange média do segundo dedo
15,23,2.08,0.16,1.433,2.081,0.089,0.01,1.74,1.81,1.94,2.08,2.22,2.35,2.42,F,falange média do segundo dedo
6,37,2.68,0.18,1.339,2.683,0.075,-0.04,2.24,2.34,2.5,2.68,2.86,3.03,3.12,F,falange proximal do segundo dedo
7,30,2.83,0.19,1.339,2.822,0.075,0.04,2.36,2.46,2.63,2.82,3.01,3.18,3.29,F,falange proximal do segundo dedo
8,43,2.96,0.22,1.339,2.963,0.075,0,2.48,2.58,2.76,2.96,3.16,3.34,3.45,F,falange proximal do segundo dedo
9,40,3.07,0.25,1.339,3.102,0.075,-0.15,2.59,2.7,2.89,3.1,3.31,3.5,3.61,F,falange proximal do segundo dedo
10,63,3.26,0.23,1.339,3.229,0.075,0.11,2.7,2.82,3.01,3.23,3.45,3.64,3.76,F,falange proximal do segundo dedo
11,53,3.35,0.26,1.339,3.337,0.075,0.03,2.79,2.91,3.11,3.34,3.56,3.77,3.89,F,falange proximal do segundo dedo
12,42,3.37,0.33,1.339,3.428,0.075,-0.24,2.86,2.99,3.2,3.43,3.66,3.87,3.99,F,falange proximal do segundo dedo
13,33,3.53,0.27,1.339,3.509,0.075,0.09,2.93,3.06,3.27,3.51,3.75,3.96,4.09,F,falange proximal do segundo dedo
14,24,3.59,0.18,1.339,3.583,0.075,0.03,2.99,3.12,3.34,3.58,3.82,4.04,4.17,F,falange proximal do segundo dedo
15,23,3.63,0.27,1.339,3.652,0.075,-0.06,3.05,3.18,3.41,3.65,3.9,4.12,4.25,F,falange proximal do segundo dedo
6,37,4.61,0.34,1.666,4.631,0.071,-0.05,3.87,4.04,4.32,4.63,4.94,5.23,5.39,F,segundo metacarpo
7,30,4.85,0.32,1.666,4.874,0.071,-0.06,4.07,4.25,4.55,4.87,5.2,5.5,5.68,F,segundo metacarpo
8,43,5.14,0.38,1.666,5.12,0.071,0.05,4.28,4.46,4.77,5.12,5.47,5.78,5.96,F,segundo metacarpo
9,40,5.28,0.42,1.666,5.358,0.071,-0.21,4.48,4.67,5,5.36,5.72,6.05,6.24,F,segundo metacarpo
10,63,5.62,0.36,1.666,5.574,0.071,0.12,4.66,4.86,5.2,5.57,5.95,6.29,6.49,F,segundo metacarpo
11,53,5.77,0.43,1.666,5.75,0.071,0.06,4.8,5.01,5.36,5.75,6.14,6.49,6.7,F,segundo metacarpo
12,42,5.75,0.48,1.666,5.892,0.071,-0.34,4.92,5.14,5.49,5.89,6.29,6.65,6.86,F,segundo metacarpo
13,33,6.09,0.46,1.666,6.022,0.071,0.15,5.03,5.25,5.62,6.02,6.43,6.79,7.01,F,segundo metacarpo
14,24,6.16,0.28,1.666,6.137,0.071,0.06,5.13,5.35,5.72,6.14,6.55,6.92,7.15,F,segundo metacarpo
15,23,6.21,0.4,1.666,6.239,0.071,-0.07,5.21,5.44,5.82,6.24,6.66,7.04,7.27,F,segundo metacarpo
6,37,1.17,0.11,0.677,1.17,0.098,0.03,0.98,1.02,1.09,1.17,1.25,1.32,1.36,F,falange distal do terceiro dedo
7,30,1.21,0.12,0.677,1.231,0.098,-0.15,1.03,1.07,1.15,1.23,1.31,1.39,1.43,F,falange distal do terceiro dedo
8,43,1.3,0.13,0.677,1.293,0.098,0.03,1.08,1.13,1.21,1.29,1.38,1.46,1.51,F,falange distal do terceiro dedo
9,40,1.38,0.15,0.677,1.353,0.098,0.17,1.13,1.18,1.26,1.35,1.44,1.53,1.58,F,falange distal do terceiro dedo
10,63,1.41,0.13,0.677,1.405,0.098,0.02,1.17,1.22,1.31,1.4,1.5,1.59,1.64,F,falange distal do terceiro dedo
11,53,1.44,0.16,0.677,1.45,0.098,-0.05,1.21,1.26,1.35,1.45,1.55,1.64,1.69,F,falange distal do terceiro dedo
12,42,1.49,0.17,0.677,1.49,0.098,0.01,1.24,1.3,1.39,1.49,1.59,1.68,1.73,F,falange distal do terceiro dedo
13,33,1.53,0.13,0.677,1.525,0.098,0.06,1.27,1.33,1.42,1.52,1.63,1.72,1.78,F,falange distal do terceiro dedo
14,24,1.57,0.11,0.677,1.557,0.098,0.07,1.3,1.36,1.45,1.56,1.66,1.76,1.81,F,falange distal do terceiro dedo
15,23,1.58,0.14,0.677,1.586,0.098,-0.05,1.33,1.38,1.48,1.59,1.69,1.79,1.85,F,falange distal do terceiro dedo
6,37,1.89,0.17,1.263,1.898,0.084,-0.05,1.59,1.65,1.77,1.9,2.03,2.14,2.21,F,falange média do terceiro dedo 
7,30,1.99,0.14,1.263,1.983,0.084,0.02,1.66,1.73,1.85,1.98,2.12,2.24,2.31,F,falange média do terceiro dedo 
8,43,2.07,0.16,1.263,2.071,0.084,0,1.73,1.81,1.93,2.07,2.21,2.34,2.41,F,falange média do terceiro dedo 
9,40,2.14,0.18,1.263,2.157,0.084,-0.08,1.8,1.88,2.01,2.16,2.3,2.43,2.51,F,falange média do terceiro dedo 
10,63,2.26,0.19,1.263,2.239,0.084,0.1,1.87,1.95,2.09,2.24,2.39,2.53,2.61,F,falange média do terceiro dedo 
11,53,2.32,0.22,1.263,2.311,0.084,0.04,1.93,2.01,2.16,2.31,2.47,2.61,2.69,F,falange média do terceiro dedo 
12,42,2.32,0.25,1.263,2.374,0.084,-0.27,1.98,2.07,2.21,2.37,2.53,2.68,2.76,F,falange média do terceiro dedo 
13,33,2.46,0.22,1.263,2.431,0.084,0.13,2.03,2.12,2.27,2.43,2.59,2.74,2.83,F,falange média do terceiro dedo 
14,24,2.48,0.13,1.263,2.484,0.084,0,2.08,2.17,2.32,2.48,2.65,2.8,2.89,F,falange média do terceiro dedo 
15,23,2.53,0.16,1.263,2.535,0.084,-0.02,2.12,2.21,2.36,2.53,2.71,2.86,2.95,F,falange média do terceiro dedo 
6,37,3.01,0.21,1.458,3.023,0.074,-0.07,2.53,2.64,2.82,3.02,3.23,3.41,3.52,F,falange proximal do terceiro dedo
7,30,3.19,0.22,1.458,3.172,0.074,0.08,2.65,2.77,2.96,3.17,3.39,3.58,3.69,F,falange proximal do terceiro dedo
8,43,3.32,0.23,1.458,3.323,0.074,-0.02,2.78,2.9,3.1,3.32,3.55,3.75,3.87,F,falange proximal do terceiro dedo
9,40,3.44,0.29,1.458,3.47,0.074,-0.14,2.9,3.03,3.24,3.47,3.7,3.92,4.04,F,falange proximal do terceiro dedo
10,63,3.63,0.26,1.458,3.609,0.074,0.07,3.02,3.15,3.37,3.61,3.85,4.07,4.2,F,falange proximal do terceiro dedo
11,53,3.75,0.27,1.458,3.73,0.074,0.06,3.12,3.25,3.48,3.73,3.98,4.21,4.34,F,falange proximal do terceiro dedo
12,42,3.77,0.35,1.458,3.834,0.074,-0.22,3.2,3.34,3.58,3.83,4.09,4.32,4.46,F,falange proximal do terceiro dedo
13,33,3.95,0.29,1.458,3.927,0.074,0.07,3.28,3.42,3.66,3.93,4.19,4.43,4.57,F,falange proximal do terceiro dedo
14,24,4.03,0.22,1.458,4.011,0.074,0.06,3.35,3.5,3.74,4.01,4.28,4.52,4.67,F,falange proximal do terceiro dedo
15,23,4.06,0.3,1.458,4.09,0.074,-0.1,3.42,3.57,3.81,4.09,4.37,4.61,4.76,F,falange proximal do terceiro dedo
6,37,4.5,0.34,1.639,4.52,0.073,-0.07,3.78,3.94,4.21,4.52,4.82,5.1,5.26,F,terceiro metacarpo
7,30,4.74,0.33,1.639,4.753,0.073,-0.05,3.97,4.14,4.43,4.75,5.07,5.36,5.53,F,terceiro metacarpo
8,43,5.01,0.35,1.639,4.987,0.073,0.06,4.17,4.35,4.65,4.99,5.32,5.63,5.81,F,terceiro metacarpo
9,40,5.14,0.41,1.639,5.211,0.073,-0.2,4.35,4.54,4.86,5.21,5.56,5.88,6.07,F,terceiro metacarpo
10,63,5.45,0.38,1.639,5.411,0.073,0.11,4.52,4.72,5.05,5.41,5.78,6.1,6.3,F,terceiro metacarpo
11,53,5.59,0.42,1.639,5.573,0.073,0.05,4.66,4.86,5.2,5.57,5.95,6.29,6.49,F,terceiro metacarpo
12,42,5.58,0.45,1.639,5.702,0.073,-0.29,4.76,4.97,5.32,5.7,6.09,6.43,6.64,F,terceiro metacarpo
13,33,5.86,0.48,1.639,5.822,0.073,0.09,4.86,5.08,5.43,5.82,6.21,6.57,6.78,F,terceiro metacarpo
14,24,5.95,0.29,1.639,5.933,0.073,0.04,4.96,5.17,5.53,5.93,6.33,6.69,6.91,F,terceiro metacarpo
15,23,6.02,0.41,1.639,6.037,0.073,-0.04,5.04,5.26,5.63,6.04,6.44,6.81,7.03,F,terceiro metacarpo
6,37,1.21,0.1,0.531,1.202,0.093,0.03,1,1.05,1.12,1.2,1.28,1.36,1.4,F,falange distal do quarto dedo
7,30,1.25,0.12,0.531,1.268,0.093,-0.16,1.06,1.11,1.18,1.27,1.35,1.43,1.48,F,falange distal do quarto dedo
8,43,1.35,0.12,0.531,1.336,0.093,0.12,1.12,1.16,1.25,1.34,1.43,1.51,1.56,F,falange distal do quarto dedo
9,40,1.41,0.15,0.531,1.4,0.093,0.08,1.17,1.22,1.31,1.4,1.49,1.58,1.63,F,falange distal do quarto dedo
10,63,1.46,0.14,0.531,1.456,0.093,0.01,1.22,1.27,1.36,1.46,1.55,1.64,1.7,F,falange distal do quarto dedo
11,53,1.51,0.14,0.531,1.503,0.093,0.05,1.26,1.31,1.4,1.5,1.6,1.7,1.75,F,falange distal do quarto dedo
12,42,1.53,0.18,0.531,1.543,0.093,-0.09,1.29,1.35,1.44,1.54,1.65,1.74,1.8,F,falange distal do quarto dedo
13,33,1.6,0.12,0.531,1.577,0.093,0.17,1.32,1.38,1.47,1.58,1.68,1.78,1.84,F,falange distal do quarto dedo
14,24,1.6,0.12,0.531,1.606,0.093,-0.04,1.34,1.4,1.5,1.61,1.71,1.81,1.87,F,falange distal do quarto dedo
15,23,1.63,0.14,0.531,1.631,0.093,-0.03,1.36,1.42,1.52,1.63,1.74,1.84,1.9,F,falange distal do quarto dedo
6,37,1.79,0.15,0.465,1.792,0.089,-0.02,1.5,1.56,1.67,1.79,1.91,2.02,2.09,F, falange média do quarto dedo
7,30,1.87,0.14,0.465,1.878,0.089,-0.03,1.57,1.64,1.75,1.88,2,2.12,2.19,F, falange média do quarto dedo
8,43,1.97,0.18,0.465,1.966,0.089,0.05,1.64,1.71,1.83,1.97,2.1,2.22,2.29,F, falange média do quarto dedo
9,40,2.06,0.18,0.465,2.05,0.089,0.05,1.71,1.79,1.91,2.05,2.19,2.31,2.39,F, falange média do quarto dedo
10,63,2.14,0.18,0.465,2.129,0.089,0.08,1.78,1.86,1.99,2.13,2.27,2.4,2.48,F, falange média do quarto dedo
11,53,2.21,0.2,0.465,2.198,0.089,0.08,1.84,1.92,2.05,2.2,2.35,2.48,2.56,F, falange média do quarto dedo
12,42,2.24,0.28,0.465,2.261,0.089,-0.09,1.89,1.97,2.11,2.26,2.41,2.55,2.63,F, falange média do quarto dedo
13,33,2.33,0.23,0.465,2.32,0.089,0.03,1.94,2.02,2.16,2.32,2.48,2.62,2.7,F, falange média do quarto dedo
14,24,2.38,0.14,0.465,2.38,0.089,0,1.99,2.07,2.22,2.38,2.54,2.68,2.77,F, falange média do quarto dedo
15,23,2.44,0.19,0.465,2.439,0.089,0.02,2.04,2.13,2.27,2.44,2.6,2.75,2.84,F, falange média do quarto dedo
6,37,2.81,0.21,1.229,2.824,0.077,-0.07,2.36,2.46,2.63,2.82,3.01,3.19,3.29,F,falange proximal do quarto dedo
7,30,2.98,0.2,1.229,2.964,0.077,0.09,2.48,2.58,2.76,2.96,3.16,3.34,3.45,F,falange proximal do quarto dedo
8,43,3.11,0.23,1.229,3.104,0.077,0.01,2.59,2.71,2.89,3.1,3.31,3.5,3.61,F,falange proximal do quarto dedo
9,40,3.21,0.28,1.229,3.241,0.077,-0.14,2.71,2.83,3.02,3.24,3.46,3.66,3.77,F,falange proximal do quarto dedo
10,63,3.4,0.24,1.229,3.37,0.077,0.11,2.82,2.94,3.14,3.37,3.6,3.8,3.92,F,falange proximal do quarto dedo
11,53,3.49,0.28,1.229,3.481,0.077,0.05,2.91,3.04,3.25,3.48,3.72,3.93,4.05,F,falange proximal do quarto dedo
12,42,3.53,0.34,1.229,3.577,0.077,-0.18,2.99,3.12,3.34,3.58,3.82,4.04,4.17,F,falange proximal do quarto dedo
13,33,3.67,0.31,1.229,3.665,0.077,0.01,3.06,3.2,3.42,3.66,3.91,4.13,4.27,F,falange proximal do quarto dedo
14,24,3.76,0.23,1.229,3.748,0.077,0.03,3.13,3.27,3.5,3.75,4,4.23,4.36,F,falange proximal do quarto dedo
15,23,3.81,0.3,1.229,3.83,0.077,-0.06,3.2,3.34,3.57,3.83,4.09,4.32,4.46,F,falange proximal do quarto dedo
6,37,3.95,0.31,1.008,3.958,0.078,-0.03,3.31,3.45,3.69,3.96,4.23,4.47,4.61,F,quarto metacarpo
7,30,4.14,0.31,1.008,4.16,0.078,-0.06,3.48,3.63,3.88,4.16,4.44,4.69,4.84,F,quarto metacarpo
8,43,4.4,0.34,1.008,4.363,0.078,0.1,3.65,3.8,4.07,4.36,4.66,4.92,5.08,F,quarto metacarpo
9,40,4.51,0.35,1.008,4.558,0.078,-0.14,3.81,3.97,4.25,4.56,4.87,5.14,5.31,F,quarto metacarpo
10,63,4.78,0.37,1.008,4.736,0.078,0.11,3.96,4.13,4.42,4.74,5.06,5.34,5.52,F,quarto metacarpo
11,53,4.91,0.42,1.008,4.885,0.078,0.06,4.08,4.26,4.56,4.89,5.21,5.51,5.69,F,quarto metacarpo
12,42,4.92,0.43,1.008,5.01,0.078,-0.23,4.19,4.37,4.67,5.01,5.35,5.65,5.83,F,quarto metacarpo
13,33,5.18,0.44,1.008,5.123,0.078,0.13,4.28,4.47,4.78,5.12,5.47,5.78,5.97,F,quarto metacarpo
14,24,5.23,0.3,1.008,5.228,0.078,0,4.37,4.56,4.88,5.23,5.58,5.9,6.09,F,quarto metacarpo
15,23,5.32,0.36,1.008,5.328,0.078,-0.03,4.45,4.65,4.97,5.33,5.69,6.01,6.2,F,quarto metacarpo
6,37,1.05,0.1,-1.617,1.073,0.108,-0.17,0.9,0.94,1,1.07,1.15,1.21,1.25,F,falange distal do quinto dedo
7,30,1.1,0.1,-1.617,1.113,0.108,-0.14,0.93,0.97,1.04,1.11,1.19,1.26,1.3,F,falange distal do quinto dedo
8,43,1.4,1.54,-1.617,1.155,0.108,1.51,0.96,1.01,1.08,1.15,1.23,1.3,1.34,F,falange distal do quinto dedo
9,40,1.25,0.15,-1.617,1.198,0.108,0.38,1,1.04,1.12,1.2,1.28,1.35,1.4,F,falange distal do quinto dedo
10,63,1.28,0.11,-1.617,1.243,0.108,0.29,1.04,1.08,1.16,1.24,1.33,1.4,1.45,F,falange distal do quinto dedo
11,53,1.32,0.13,-1.617,1.289,0.108,0.21,1.08,1.12,1.2,1.29,1.38,1.45,1.5,F,falange distal do quinto dedo
12,42,1.36,0.15,-1.617,1.337,0.108,0.15,1.12,1.17,1.25,1.34,1.43,1.51,1.56,F,falange distal do quinto dedo
13,33,1.42,0.13,-1.617,1.387,0.108,0.2,1.16,1.21,1.29,1.39,1.48,1.56,1.62,F,falange distal do quinto dedo
14,24,1.43,0.13,-1.617,1.439,0.108,-0.03,1.2,1.25,1.34,1.44,1.54,1.62,1.68,F,falange distal do quinto dedo
15,23,1.43,0.13,-1.617,1.492,0.108,-0.4,1.25,1.3,1.39,1.49,1.59,1.68,1.74,F,falange distal do quinto dedo
6,37,1.19,0.14,1.713,1.217,0.124,-0.19,1.02,1.06,1.14,1.22,1.3,1.37,1.42,F,falange média do quinto dedo
7,30,1.24,0.17,1.713,1.262,0.124,-0.12,1.05,1.1,1.18,1.26,1.35,1.42,1.47,F,falange média do quinto dedo
8,43,1.3,0.16,1.713,1.308,0.124,-0.05,1.09,1.14,1.22,1.31,1.4,1.48,1.52,F,falange média do quinto dedo
9,40,1.37,0.18,1.713,1.356,0.124,0.1,1.13,1.18,1.26,1.36,1.45,1.53,1.58,F,falange média do quinto dedo
10,63,1.4,0.19,1.713,1.406,0.124,-0.04,1.17,1.23,1.31,1.41,1.5,1.59,1.64,F,falange média do quinto dedo
11,53,1.48,0.18,1.713,1.457,0.124,0.1,1.22,1.27,1.36,1.46,1.56,1.64,1.7,F,falange média do quinto dedo
12,42,1.48,0.23,1.713,1.51,0.124,-0.14,1.26,1.32,1.41,1.51,1.61,1.7,1.76,F,falange média do quinto dedo
13,33,1.56,0.22,1.713,1.565,0.124,-0.04,1.31,1.36,1.46,1.57,1.67,1.77,1.82,F,falange média do quinto dedo
14,24,1.63,0.13,1.713,1.623,0.124,0.03,1.36,1.41,1.51,1.62,1.73,1.83,1.89,F,falange média do quinto dedo
15,23,1.63,0.16,1.713,1.682,0.124,-0.22,1.41,1.47,1.57,1.68,1.8,1.9,1.96,F,falange média do quinto dedo
6,37,2.15,0.15,0.657,2.159,0.09,-0.03,1.8,1.88,2.01,2.16,2.3,2.44,2.51,F,falange proximal do quinto dedo
7,30,2.29,0.16,0.657,2.27,0.09,0.08,1.9,1.98,2.12,2.27,2.42,2.56,2.64,F,falange proximal do quinto dedo
8,43,2.38,0.22,0.657,2.382,0.09,0.01,1.99,2.08,2.22,2.38,2.54,2.69,2.77,F,falange proximal do quinto dedo
9,40,2.47,0.22,0.657,2.493,0.09,-0.1,2.08,2.17,2.32,2.49,2.66,2.81,2.9,F,falange proximal do quinto dedo
10,63,2.63,0.3,0.657,2.595,0.09,0.13,2.17,2.26,2.42,2.6,2.77,2.93,3.02,F,falange proximal do quinto dedo
11,53,2.7,0.22,0.657,2.682,0.09,0.09,2.24,2.34,2.5,2.68,2.86,3.03,3.12,F,falange proximal do quinto dedo
12,42,2.71,0.31,0.657,2.754,0.09,-0.18,2.3,2.4,2.57,2.75,2.94,3.11,3.21,F,falange proximal do quinto dedo
13,33,2.83,0.24,0.657,2.821,0.09,0.03,2.36,2.46,2.63,2.82,3.01,3.18,3.28,F,falange proximal do quinto dedo
14,24,2.92,0.19,0.657,2.886,0.09,0.14,2.41,2.52,2.69,2.89,3.08,3.26,3.36,F,falange proximal do quinto dedo
15,23,2.93,0.21,0.657,2.948,0.09,-0.05,2.46,2.57,2.75,2.95,3.15,3.33,3.43,F,falange proximal do quinto dedo
6,37,3.59,0.26,1.345,3.599,0.076,-0.02,3.01,3.14,3.36,3.6,3.84,4.06,4.19,F,quinto metacarpo
7,30,3.77,0.25,1.345,3.802,0.076,-0.1,3.18,3.31,3.55,3.8,4.06,4.29,4.43,F,quinto metacarpo
8,43,4.03,0.32,1.345,4.006,0.076,0.09,3.35,3.49,3.74,4.01,4.28,4.52,4.66,F,quinto metacarpo
9,40,4.16,0.33,1.345,4.198,0.076,-0.11,3.51,3.66,3.91,4.2,4.48,4.74,4.89,F,quinto metacarpo
10,63,4.39,0.31,1.345,4.367,0.076,0.07,3.65,3.81,4.07,4.37,4.66,4.93,5.09,F,quinto metacarpo
11,53,4.52,0.36,1.345,4.506,0.076,0.05,3.76,3.93,4.2,4.51,4.81,5.08,5.25,F,quinto metacarpo
12,42,4.51,0.45,1.345,4.619,0.076,-0.31,3.86,4.03,4.31,4.62,4.93,5.21,5.38,F,quinto metacarpo
13,33,4.77,0.38,1.345,4.722,0.076,0.12,3.95,4.12,4.4,4.72,5.04,5.33,5.5,F,quinto metacarpo
14,24,4.85,0.24,1.345,4.812,0.076,0.1,4.02,4.2,4.49,4.81,5.14,5.43,5.6,F,quinto metacarpo
15,23,4.86,0.33,1.345,4.889,0.076,-0.09,4.08,4.26,4.56,4.89,5.22,5.52,5.69,F,quinto metacarpo
6,42,1.5,0.16,0.027,1.509,0.095,-0.08,1.26,1.32,1.41,1.51,1.61,1.7,1.76,M,falange distal do primeiro dedo
7,37,1.59,0.15,0.027,1.568,0.095,0.12,1.31,1.37,1.46,1.57,1.67,1.77,1.83,M,falange distal do primeiro dedo
8,55,1.65,0.17,0.027,1.63,0.095,0.12,1.36,1.42,1.52,1.63,1.74,1.84,1.9,M,falange distal do primeiro dedo
9,49,1.7,0.18,0.027,1.693,0.095,0.04,1.41,1.48,1.58,1.69,1.81,1.91,1.97,M,falange distal do primeiro dedo
10,55,1.76,0.17,0.027,1.76,0.095,0,1.47,1.53,1.64,1.76,1.88,1.99,2.05,M,falange distal do primeiro dedo
11,46,1.83,0.16,0.027,1.828,0.095,0.01,1.53,1.59,1.7,1.83,1.95,2.06,2.13,M,falange distal do primeiro dedo
12,62,1.93,0.17,0.027,1.9,0.095,0.14,1.59,1.66,1.77,1.9,2.03,2.14,2.21,M,falange distal do primeiro dedo
13,50,1.99,0.23,0.027,1.974,0.095,0.1,1.65,1.72,1.84,1.97,2.11,2.23,2.3,M,falange distal do primeiro dedo
14,45,2.06,0.16,0.027,2.051,0.095,0.05,1.71,1.79,1.91,2.05,2.19,2.31,2.39,M,falange distal do primeiro dedo
15,43,2.11,0.16,0.027,2.131,0.095,-0.09,1.78,1.86,1.99,2.13,2.27,2.4,2.48,M,falange distal do primeiro dedo
6,42,1.97,0.17,-0.392,1.967,0.086,0.01,1.64,1.71,1.83,1.97,2.1,2.22,2.29,M,falange proximal do primeiro dedo
7,37,2.08,0.14,-0.392,2.048,0.086,0.17,1.71,1.79,1.91,2.05,2.19,2.31,2.39,M,falange proximal do primeiro dedo
8,55,2.14,0.19,-0.392,2.132,0.086,0.04,1.78,1.86,1.99,2.13,2.28,2.41,2.48,M,falange proximal do primeiro dedo
9,49,2.25,0.23,-0.392,2.221,0.086,0.17,1.86,1.94,2.07,2.22,2.37,2.51,2.59,M,falange proximal do primeiro dedo
10,55,2.31,0.19,-0.392,2.322,0.086,-0.05,1.94,2.02,2.17,2.32,2.48,2.62,2.7,M,falange proximal do primeiro dedo
11,46,2.41,0.25,-0.392,2.44,0.086,-0.14,2.04,2.13,2.28,2.44,2.6,2.75,2.84,M,falange proximal do primeiro dedo
12,62,2.61,0.24,-0.392,2.577,0.086,0.15,2.15,2.25,2.4,2.58,2.75,2.91,3,M,falange proximal do primeiro dedo
13,50,2.78,0.26,-0.392,2.723,0.086,0.25,2.28,2.37,2.54,2.72,2.91,3.07,3.17,M,falange proximal do primeiro dedo
14,45,2.88,0.23,-0.392,2.87,0.086,0.04,2.4,2.5,2.68,2.87,3.06,3.24,3.34,M,falange proximal do primeiro dedo
15,43,3,0.16,-0.392,3.018,0.086,-0.07,2.52,2.63,2.81,3.02,3.22,3.4,3.51,M,falange proximal do primeiro dedo
6,42,2.93,0.28,-0.759,2.932,0.078,-0.02,2.45,2.56,2.73,2.93,3.13,3.31,3.41,M,primeiro metacarpo
7,37,3.13,0.2,-0.759,3.088,0.078,0.16,2.58,2.69,2.88,3.09,3.3,3.48,3.6,M,primeiro metacarpo
8,55,3.28,0.27,-0.759,3.251,0.078,0.13,2.72,2.83,3.03,3.25,3.47,3.67,3.79,M,primeiro metacarpo
9,49,3.44,0.32,-0.759,3.422,0.078,0.09,2.86,2.98,3.19,3.42,3.65,3.86,3.98,M,primeiro metacarpo
10,55,3.62,0.28,-0.759,3.599,0.078,0.07,3.01,3.14,3.36,3.6,3.84,4.06,4.19,M,primeiro metacarpo
11,46,3.75,0.29,-0.759,3.785,0.078,-0.1,3.16,3.3,3.53,3.78,4.04,4.27,4.41,M,primeiro metacarpo
12,62,4.03,0.3,-0.759,3.977,0.078,0.17,3.32,3.47,3.71,3.98,4.25,4.49,4.63,M,primeiro metacarpo
13,50,4.25,0.39,-0.759,4.176,0.078,0.22,3.49,3.64,3.89,4.18,4.46,4.71,4.86,M,primeiro metacarpo
14,45,4.41,0.29,-0.759,4.382,0.078,0.09,3.66,3.82,4.09,4.38,4.68,4.94,5.1,M,primeiro metacarpo
15,43,4.53,0.25,-0.759,4.595,0.078,-0.19,3.84,4.01,4.28,4.59,4.9,5.18,5.35,M,primeiro metacarpo
6,42,1.09,0.12,-0.63,1.075,0.097,0.1,0.9,0.94,1,1.07,1.15,1.21,1.25,M,falange distal do segundo dedo
7,37,1.13,0.12,-0.63,1.126,0.097,0.01,0.94,0.98,1.05,1.13,1.2,1.27,1.31,M,falange distal do segundo dedo
8,55,1.2,0.12,-0.63,1.179,0.097,0.18,0.99,1.03,1.1,1.18,1.26,1.33,1.37,M,falange distal do segundo dedo
9,49,1.24,0.14,-0.63,1.236,0.097,0.03,1.03,1.08,1.15,1.24,1.32,1.39,1.44,M,falange distal do segundo dedo
10,55,1.31,0.12,-0.63,1.294,0.097,0.09,1.08,1.13,1.21,1.29,1.38,1.46,1.51,M,falange distal do segundo dedo
11,46,1.36,0.14,-0.63,1.356,0.097,0.01,1.13,1.18,1.26,1.36,1.45,1.53,1.58,M,falange distal do segundo dedo
12,62,1.44,0.13,-0.63,1.42,0.097,0.11,1.19,1.24,1.32,1.42,1.52,1.6,1.65,M,falange distal do segundo dedo
13,50,1.53,0.16,-0.63,1.487,0.097,0.3,1.24,1.3,1.39,1.49,1.59,1.68,1.73,M,falange distal do segundo dedo
14,45,1.56,0.12,-0.63,1.558,0.097,0,1.3,1.36,1.45,1.56,1.66,1.76,1.81,M,falange distal do segundo dedo
15,43,1.61,0.13,-0.63,1.632,0.097,-0.11,1.36,1.42,1.52,1.63,1.74,1.84,1.9,M,falange distal do segundo dedo
6,42,1.48,0.15,-5.057,1.496,0.152,-0.05,1.25,1.3,1.39,1.5,1.6,1.69,1.74,M,falange média do segundo dedo
7,37,1.58,0.14,-5.057,1.566,0.152,0.06,1.31,1.37,1.46,1.57,1.67,1.77,1.82,M,falange média do segundo dedo
8,55,1.61,0.15,-5.057,1.64,0.152,-0.14,1.37,1.43,1.53,1.64,1.75,1.85,1.91,M,falange média do segundo dedo
9,49,1.73,0.17,-5.057,1.717,0.152,0.05,1.43,1.5,1.6,1.72,1.83,1.94,2,M,falange média do segundo dedo
10,55,1.74,0.15,-5.057,1.798,0.152,-0.23,1.5,1.57,1.68,1.8,1.92,2.03,2.09,M,falange média do segundo dedo
11,46,2.2,2.34,-5.057,1.883,0.152,0.71,1.57,1.64,1.76,1.88,2.01,2.12,2.19,M,falange média do segundo dedo
12,62,1.95,0.19,-5.057,1.972,0.152,-0.06,1.65,1.72,1.84,1.97,2.1,2.22,2.3,M,falange média do segundo dedo
13,50,2.04,0.21,-5.057,2.065,0.152,-0.07,1.73,1.8,1.93,2.06,2.2,2.33,2.4,M,falange média do segundo dedo
14,45,2.12,0.17,-5.057,2.162,0.152,-0.14,1.81,1.89,2.02,2.16,2.31,2.44,2.52,M,falange média do segundo dedo
15,43,2.18,0.14,-5.057,2.264,0.152,-0.27,1.89,1.97,2.11,2.26,2.42,2.55,2.64,M,falange média do segundo dedo
6,42,2.63,0.23,0.641,2.638,0.077,-0.02,2.2,2.3,2.46,2.64,2.82,2.98,3.07,M,falange proximal do segundo dedo
7,37,2.78,0.18,0.641,2.753,0.077,0.13,2.3,2.4,2.57,2.75,2.94,3.11,3.21,M,falange proximal do segundo dedo
8,55,2.89,0.23,0.641,2.873,0.077,0.06,2.4,2.5,2.68,2.87,3.07,3.24,3.35,M,falange proximal do segundo dedo
9,49,3.02,0.25,0.641,2.998,0.077,0.08,2.5,2.61,2.8,3,3.2,3.38,3.49,M,falange proximal do segundo dedo
10,55,3.07,0.22,0.641,3.129,0.077,-0.23,2.61,2.73,2.92,3.13,3.34,3.53,3.64,M,falange proximal do segundo dedo
11,46,3.22,0.26,0.641,3.265,0.077,-0.2,2.73,2.85,3.04,3.26,3.49,3.68,3.8,M,falange proximal do segundo dedo
12,62,3.43,0.29,0.641,3.407,0.077,0.1,2.85,2.97,3.18,3.41,3.64,3.84,3.97,M,falange proximal do segundo dedo
13,50,3.62,0.31,0.641,3.556,0.077,0.23,2.97,3.1,3.32,3.56,3.8,4.01,4.14,M,falange proximal do segundo dedo
14,45,3.73,0.26,0.641,3.711,0.077,0.07,3.1,3.24,3.46,3.71,3.96,4.19,4.32,M,falange proximal do segundo dedo
15,43,3.84,0.2,0.641,3.872,0.077,-0.1,3.24,3.38,3.61,3.87,4.13,4.37,4.51,M,falange proximal do segundo dedo
6,42,4.46,0.39,-0.406,4.482,0.073,-0.07,3.74,3.91,4.18,4.48,4.78,5.06,5.22,M,segundo metacarpo
7,37,4.71,0.3,-0.406,4.692,0.073,0.04,3.92,4.09,4.38,4.69,5.01,5.29,5.46,M,segundo metacarpo
8,55,4.99,0.4,-0.406,4.911,0.073,0.21,4.1,4.28,4.58,4.91,5.24,5.54,5.72,M,segundo metacarpo
9,49,5.18,0.44,-0.406,5.141,0.073,0.11,4.3,4.48,4.79,5.14,5.49,5.8,5.99,M,segundo metacarpo
10,55,5.37,0.36,-0.406,5.382,0.073,-0.04,4.5,4.69,5.02,5.38,5.74,6.07,6.27,M,segundo metacarpo
11,46,5.62,0.41,-0.406,5.634,0.073,-0.03,4.71,4.91,5.25,5.63,6.01,6.36,6.56,M,segundo metacarpo
12,62,5.94,0.4,-0.406,5.897,0.073,0.1,4.93,5.14,5.5,5.9,6.29,6.65,6.87,M,segundo metacarpo
13,50,6.26,0.51,-0.406,6.173,0.073,0.19,5.16,5.38,5.76,6.17,6.59,6.96,7.19,M,segundo metacarpo
14,45,6.5,0.41,-0.406,6.461,0.073,0.08,5.4,5.63,6.03,6.46,6.9,7.29,7.52,M,segundo metacarpo
15,43,6.68,0.35,-0.406,6.763,0.073,-0.16,5.65,5.9,6.31,6.76,7.22,7.63,7.88,M,segundo metacarpo
6,42,1.15,0.12,0.032,1.152,0.1,-0.04,0.96,1,1.07,1.15,1.23,1.3,1.34,M,falange distal do terceiro dedo
7,37,1.22,0.12,0.032,1.207,0.1,0.12,1.01,1.05,1.13,1.21,1.29,1.36,1.41,M,falange distal do terceiro dedo
8,55,1.28,0.12,0.032,1.265,0.1,0.1,1.06,1.1,1.18,1.27,1.35,1.43,1.47,M,falange distal do terceiro dedo
9,49,1.34,0.17,0.032,1.326,0.1,0.08,1.11,1.16,1.24,1.33,1.42,1.5,1.54,M,falange distal do terceiro dedo
10,55,1.38,0.14,0.032,1.389,0.1,-0.08,1.16,1.21,1.3,1.39,1.48,1.57,1.62,M,falange distal do terceiro dedo
11,46,1.45,0.16,0.032,1.455,0.1,-0.02,1.22,1.27,1.36,1.46,1.55,1.64,1.69,M,falange distal do terceiro dedo
12,62,1.54,0.14,0.032,1.525,0.1,0.11,1.27,1.33,1.42,1.52,1.63,1.72,1.78,M,falange distal do terceiro dedo
13,50,1.64,0.19,0.032,1.598,0.1,0.25,1.33,1.39,1.49,1.6,1.71,1.8,1.86,M,falange distal do terceiro dedo
14,45,1.69,0.13,0.032,1.674,0.1,0.12,1.4,1.46,1.56,1.67,1.79,1.89,1.95,M,falange distal do terceiro dedo
15,43,1.72,0.13,0.032,1.754,0.1,-0.2,1.47,1.53,1.64,1.75,1.87,1.98,2.04,M,falange distal do terceiro dedo
6,42,1.85,0.17,-0.152,1.846,0.084,0.06,1.54,1.61,1.72,1.85,1.97,2.08,2.15,M,falange média do terceiro dedo
7,37,1.95,0.15,-0.152,1.923,0.084,0.16,1.61,1.68,1.79,1.92,2.05,2.17,2.24,M,falange média do terceiro dedo
8,55,1.99,0.16,-0.152,2.004,0.084,-0.07,1.67,1.75,1.87,2,2.14,2.26,2.33,M,falange média do terceiro dedo
9,49,2.12,0.2,-0.152,2.089,0.084,0.19,1.75,1.82,1.95,2.09,2.23,2.36,2.43,M,falange média do terceiro dedo
10,55,2.15,0.16,-0.152,2.177,0.084,-0.15,1.82,1.9,2.03,2.18,2.32,2.46,2.53,M,falange média do terceiro dedo
11,46,2.27,0.22,-0.152,2.268,0.084,0.03,1.9,1.98,2.12,2.27,2.42,2.56,2.64,M,falange média do terceiro dedo
12,62,2.39,0.21,-0.152,2.364,0.084,0.13,1.97,2.06,2.2,2.36,2.52,2.67,2.75,M,falange média do terceiro dedo
13,50,2.49,0.23,-0.152,2.463,0.084,0.15,2.06,2.15,2.3,2.46,2.63,2.78,2.87,M,falange média do terceiro dedo
14,45,2.59,0.22,-0.152,2.567,0.084,0.1,2.14,2.24,2.39,2.57,2.74,2.9,2.99,M,falange média do terceiro dedo
15,43,2.65,0.15,-0.152,2.675,0.084,-0.1,2.23,2.33,2.49,2.67,2.86,3.02,3.11,M,falange média do terceiro dedo
6,42,3,0.22,-0.816,2.973,0.072,0.12,2.48,2.59,2.77,2.97,3.17,3.35,3.46,M,falange proximal do terceiro dedo
7,37,3.12,0.2,-0.816,3.093,0.072,0.1,2.58,2.7,2.88,3.09,3.3,3.49,3.6,M,falange proximal do terceiro dedo
8,55,3.23,0.24,-0.816,3.219,0.072,0.06,2.69,2.81,3,3.22,3.44,3.63,3.75,M,falange proximal do terceiro dedo
9,49,3.38,0.26,-0.816,3.35,0.072,0.13,2.8,2.92,3.12,3.35,3.58,3.78,3.9,M,falange proximal do terceiro dedo
10,55,3.46,0.23,-0.816,3.488,0.072,-0.13,2.91,3.04,3.25,3.49,3.72,3.94,4.06,M,falange proximal do terceiro dedo
11,46,3.62,0.28,-0.816,3.634,0.072,-0.07,3.04,3.17,3.39,3.63,3.88,4.1,4.23,M,falange proximal do terceiro dedo
12,62,3.82,0.32,-0.816,3.788,0.072,0.11,3.17,3.3,3.53,3.79,4.04,4.27,4.41,M,falange proximal do terceiro dedo
13,50,4.02,0.34,-0.816,3.95,0.072,0.26,3.3,3.44,3.68,3.95,4.22,4.46,4.6,M,falange proximal do terceiro dedo
14,45,4.17,0.27,-0.816,4.118,0.072,0.16,3.44,3.59,3.84,4.12,4.4,4.65,4.8,M,falange proximal do terceiro dedo
15,43,4.26,0.21,-0.816,4.293,0.072,-0.1,3.59,3.74,4,4.29,4.58,4.84,5,M,falange proximal do terceiro dedo
6,42,4.32,0.4,-0.301,4.345,0.076,-0.09,3.63,3.79,4.05,4.34,4.64,4.9,5.06,M,terceiro metacarpo
7,37,4.57,0.32,-0.301,4.556,0.076,0.04,3.81,3.97,4.25,4.56,4.86,5.14,5.3,M,terceiro metacarpo
8,55,4.85,0.41,-0.301,4.774,0.076,0.22,3.99,4.16,4.45,4.77,5.1,5.39,5.56,M,terceiro metacarpo
9,49,5.06,0.42,-0.301,4.998,0.076,0.15,4.18,4.36,4.66,5,5.33,5.64,5.82,M,terceiro metacarpo
10,55,5.22,0.32,-0.301,5.228,0.076,-0.03,4.37,4.56,4.88,5.23,5.58,5.9,6.09,M,terceiro metacarpo
11,46,5.41,0.43,-0.301,5.465,0.076,-0.13,4.57,4.76,5.1,5.47,5.83,6.17,6.36,M,terceiro metacarpo
12,62,5.75,0.42,-0.301,5.711,0.076,0.08,4.77,4.98,5.33,5.71,6.1,6.44,6.65,M,terceiro metacarpo
13,50,6.05,0.49,-0.301,5.964,0.076,0.19,4.98,5.2,5.56,5.96,6.37,6.73,6.95,M,terceiro metacarpo
14,45,6.29,0.45,-0.301,6.224,0.076,0.15,5.2,5.43,5.8,6.22,6.64,7.02,7.25,M,terceiro metacarpo
15,43,6.41,0.39,-0.301,6.491,0.076,-0.16,5.42,5.66,6.05,6.49,6.93,7.32,7.56,M,terceiro metacarpo
6,42,1.22,0.12,-0.251,1.22,0.099,0.01,1.02,1.06,1.14,1.22,1.3,1.38,1.42,M,falange distal do quarto dedo
7,37,1.28,0.12,-0.251,1.275,0.099,0,1.07,1.11,1.19,1.28,1.36,1.44,1.49,M,falange distal do quarto dedo
8,55,1.35,0.13,-0.251,1.333,0.099,0.15,1.11,1.16,1.24,1.33,1.42,1.5,1.55,M,falange distal do quarto dedo
9,49,1.4,0.16,-0.251,1.393,0.099,0.05,1.16,1.21,1.3,1.39,1.49,1.57,1.62,M,falange distal do quarto dedo
10,55,1.45,0.14,-0.251,1.456,0.099,-0.01,1.22,1.27,1.36,1.46,1.55,1.64,1.7,M,falange distal do quarto dedo
11,46,1.52,0.16,-0.251,1.521,0.099,-0.04,1.27,1.33,1.42,1.52,1.62,1.72,1.77,M,falange distal do quarto dedo
12,62,1.62,0.14,-0.251,1.59,0.099,0.19,1.33,1.39,1.48,1.59,1.7,1.79,1.85,M,falange distal do quarto dedo
13,50,1.72,0.23,-0.251,1.661,0.099,0.34,1.39,1.45,1.55,1.66,1.77,1.87,1.93,M,falange distal do quarto dedo
14,45,1.74,0.14,-0.251,1.736,0.099,0.03,1.45,1.51,1.62,1.74,1.85,1.96,2.02,M,falange distal do quarto dedo
15,43,1.78,0.13,-0.251,1.813,0.099,-0.21,1.51,1.58,1.69,1.81,1.94,2.05,2.11,M,falange distal do quarto dedo
6,42,1.78,0.17,-0.476,1.759,0.083,0.12,1.47,1.53,1.64,1.76,1.88,1.98,2.05,M,falange média do quarto dedo
7,37,1.85,0.16,-0.476,1.834,0.083,0.11,1.53,1.6,1.71,1.83,1.96,2.07,2.14,M,falange média do quarto dedo
8,55,1.91,0.16,-0.476,1.912,0.083,-0.01,1.6,1.67,1.78,1.91,2.04,2.16,2.23,M,falange média do quarto dedo
9,49,2.01,0.18,-0.476,1.994,0.083,0.12,1.67,1.74,1.86,1.99,2.13,2.25,2.32,M,falange média do quarto dedo
10,55,2.05,0.16,-0.476,2.078,0.083,-0.14,1.74,1.81,1.94,2.08,2.22,2.34,2.42,M,falange média do quarto dedo
11,46,2.18,0.2,-0.476,2.167,0.083,0.07,1.81,1.89,2.02,2.17,2.31,2.44,2.52,M,falange média do quarto dedo
12,62,2.29,0.19,-0.476,2.259,0.083,0.14,1.89,1.97,2.11,2.26,2.41,2.55,2.63,M,falange média do quarto dedo
13,50,2.41,0.2,-0.476,2.356,0.083,0.26,1.97,2.05,2.2,2.36,2.51,2.66,2.74,M,falange média do quarto dedo
14,45,2.48,0.2,-0.476,2.456,0.083,0.12,2.05,2.14,2.29,2.46,2.62,2.77,2.86,M,falange média do quarto dedo
15,43,2.52,0.15,-0.476,2.56,0.083,-0.2,2.14,2.23,2.39,2.56,2.73,2.89,2.98,M,falange média do quarto dedo
6,42,2.83,0.22,-2.634,2.783,0.075,0.21,2.33,2.43,2.6,2.78,2.97,3.14,3.24,M,falange proximal do quarto dedo
7,37,2.93,0.19,-2.634,2.898,0.075,0.15,2.42,2.53,2.7,2.9,3.09,3.27,3.38,M,falange proximal do quarto dedo
8,55,3.05,0.22,-2.634,3.018,0.075,0.13,2.52,2.63,2.81,3.02,3.22,3.41,3.51,M,falange proximal do quarto dedo
9,49,3.18,0.25,-2.634,3.143,0.075,0.15,2.63,2.74,2.93,3.14,3.36,3.55,3.66,M,falange proximal do quarto dedo
10,55,3.43,1.33,-2.634,3.273,0.075,0.6,2.74,2.85,3.05,3.27,3.49,3.69,3.81,M,falange proximal do quarto dedo
11,46,3.42,0.26,-2.634,3.409,0.075,0.04,2.85,2.97,3.18,3.41,3.64,3.85,3.97,M,falange proximal do quarto dedo
12,62,3.59,0.3,-2.634,3.551,0.075,0.14,2.97,3.1,3.31,3.55,3.79,4.01,4.13,M,falange proximal do quarto dedo
13,50,3.77,0.31,-2.634,3.698,0.075,0.25,3.09,3.22,3.45,3.7,3.95,4.17,4.31,M,falange proximal do quarto dedo
14,45,3.91,0.28,-2.634,3.852,0.075,0.19,3.22,3.36,3.59,3.85,4.11,4.35,4.49,M,falange proximal do quarto dedo
15,43,4,0.2,-2.634,4.012,0.075,-0.02,3.35,3.5,3.74,4.01,4.28,4.53,4.67,M,falange proximal do quarto dedo
6,42,3.78,0.38,-0.53,3.799,0.079,-0.06,3.17,3.31,3.54,3.8,4.06,4.29,4.42,M,quarto metacarpo
7,37,4.01,0.29,-0.53,3.983,0.079,0.09,3.33,3.47,3.71,3.98,4.25,4.49,4.64,M,quarto metacarpo
8,55,4.24,0.36,-0.53,4.175,0.079,0.18,3.49,3.64,3.89,4.18,4.46,4.71,4.86,M,quarto metacarpo
9,49,4.43,0.37,-0.53,4.375,0.079,0.16,3.66,3.81,4.08,4.37,4.67,4.94,5.09,M,quarto metacarpo
10,55,4.57,0.32,-0.53,4.582,0.079,-0.02,3.83,3.99,4.27,4.58,4.89,5.17,5.34,M,quarto metacarpo
11,46,4.75,0.39,-0.53,4.798,0.079,-0.12,4.01,4.18,4.47,4.8,5.12,5.41,5.59,M,quarto metacarpo
12,62,5.06,0.4,-0.53,5.022,0.079,0.09,4.2,4.38,4.68,5.02,5.36,5.67,5.85,M,quarto metacarpo
13,50,5.36,0.45,-0.53,5.255,0.079,0.25,4.39,4.58,4.9,5.25,5.61,5.93,6.12,M,quarto metacarpo
14,45,5.58,0.45,-0.53,5.496,0.079,0.19,4.59,4.79,5.12,5.5,5.87,6.2,6.4,M,quarto metacarpo
15,43,5.65,0.33,-0.53,5.746,0.079,-0.22,4.8,5.01,5.36,5.75,6.13,6.48,6.69,M,quarto metacarpo
6,42,1.03,0.1,0.437,1.034,0.096,-0.03,0.86,0.9,0.96,1.03,1.1,1.17,1.2,M,falange distal do quinto dedo
7,37,1.1,0.08,0.437,1.095,0.096,0.05,0.91,0.95,1.02,1.09,1.17,1.23,1.27,M,falange distal do quinto dedo
8,55,1.17,0.12,0.437,1.155,0.096,0.13,0.96,1.01,1.08,1.15,1.23,1.3,1.34,M,falange distal do quinto dedo
9,49,1.21,0.15,0.437,1.212,0.096,-0.02,1.01,1.06,1.13,1.21,1.29,1.37,1.41,M,falange distal do quinto dedo
10,55,1.27,0.12,0.437,1.272,0.096,-0.01,1.06,1.11,1.19,1.27,1.36,1.43,1.48,M,falange distal do quinto dedo
11,46,1.32,0.15,0.437,1.338,0.096,-0.15,1.12,1.17,1.25,1.34,1.43,1.51,1.56,M,falange distal do quinto dedo
12,62,1.42,0.12,0.437,1.41,0.096,0.08,1.18,1.23,1.32,1.41,1.51,1.59,1.64,M,falange distal do quinto dedo
13,50,1.5,0.15,0.437,1.478,0.096,0.16,1.23,1.29,1.38,1.48,1.58,1.67,1.72,M,falange distal do quinto dedo
14,45,1.55,0.1,0.437,1.531,0.096,0.11,1.28,1.33,1.43,1.53,1.63,1.73,1.78,M,falange distal do quinto dedo
15,43,1.56,0.13,0.437,1.572,0.096,-0.11,1.31,1.37,1.47,1.57,1.68,1.77,1.83,M,falange distal do quinto dedo
6,42,1.18,0.17,1.388,1.181,0.113,0,0.99,1.03,1.1,1.18,1.26,1.33,1.37,M,falange média do quinto dedo
7,37,1.24,0.15,1.388,1.236,0.113,0.01,1.03,1.08,1.15,1.24,1.32,1.39,1.44,M,falange média do quinto dedo
8,55,1.27,0.14,1.388,1.294,0.113,-0.14,1.08,1.13,1.21,1.29,1.38,1.46,1.51,M,falange média do quinto dedo
9,49,1.37,0.16,1.388,1.355,0.113,0.1,1.13,1.18,1.26,1.35,1.45,1.53,1.58,M,falange média do quinto dedo
10,55,1.38,0.16,1.388,1.418,0.113,-0.25,1.18,1.24,1.32,1.42,1.51,1.6,1.65,M,falange média do quinto dedo
11,46,1.45,0.17,1.388,1.485,0.113,-0.18,1.24,1.29,1.38,1.48,1.58,1.67,1.73,M,falange média do quinto dedo
12,62,1.57,0.16,1.388,1.554,0.113,0.07,1.3,1.36,1.45,1.55,1.66,1.75,1.81,M,falange média do quinto dedo
13,50,1.66,0.18,1.388,1.627,0.113,0.17,1.36,1.42,1.52,1.63,1.74,1.84,1.89,M,falange média do quinto dedo
14,45,1.73,0.21,1.388,1.703,0.113,0.14,1.42,1.49,1.59,1.7,1.82,1.92,1.98,M,falange média do quinto dedo
15,43,1.76,0.13,1.388,1.783,0.113,-0.12,1.49,1.55,1.66,1.78,1.9,2.01,2.08,M,falange média do quinto dedo
6,42,2.17,0.17,-0.606,2.143,0.08,0.14,1.79,1.87,2,2.14,2.29,2.42,2.5,M,falange proximal do quinto dedo
7,37,2.23,0.16,-0.606,2.228,0.08,0.03,1.86,1.94,2.08,2.23,2.38,2.51,2.59,M,falange proximal do quinto dedo
8,55,2.33,0.2,-0.606,2.318,0.08,0.06,1.94,2.02,2.16,2.32,2.47,2.61,2.7,M,falange proximal do quinto dedo
9,49,2.44,0.22,-0.606,2.413,0.08,0.12,2.02,2.1,2.25,2.41,2.58,2.72,2.81,M,falange proximal do quinto dedo
10,55,2.51,0.18,-0.606,2.517,0.08,-0.06,2.1,2.19,2.35,2.52,2.69,2.84,2.93,M,falange proximal do quinto dedo
11,46,2.61,0.23,-0.606,2.63,0.08,-0.09,2.2,2.29,2.45,2.63,2.81,2.97,3.06,M,falange proximal do quinto dedo
12,62,2.77,0.24,-0.606,2.753,0.08,0.1,2.3,2.4,2.57,2.75,2.94,3.11,3.21,M,falange proximal do quinto dedo
13,50,2.95,0.27,-0.606,2.881,0.08,0.3,2.41,2.51,2.69,2.88,3.08,3.25,3.36,M,falange proximal do quinto dedo
14,45,3.05,0.24,-0.606,3.013,0.08,0.16,2.52,2.63,2.81,3.01,3.22,3.4,3.51,M,falange proximal do quinto dedo
15,43,3.11,0.17,-0.606,3.149,0.08,-0.14,2.63,2.75,2.94,3.15,3.36,3.55,3.67,M,falange proximal do quinto dedo
6,42,3.47,0.31,-0.713,3.485,0.076,-0.04,2.91,3.04,3.25,3.48,3.72,3.93,4.06,M,quinto metacarpo
7,37,3.67,0.24,-0.713,3.658,0.076,0.05,3.06,3.19,3.41,3.66,3.9,4.13,4.26,M,quinto metacarpo
8,55,3.89,0.31,-0.713,3.838,0.076,0.18,3.21,3.35,3.58,3.84,4.1,4.33,4.47,M,quinto metacarpo
9,49,4.07,0.34,-0.713,4.027,0.076,0.14,3.36,3.51,3.76,4.03,4.3,4.54,4.69,M,quinto metacarpo
10,55,4.23,0.31,-0.713,4.224,0.076,0,3.53,3.68,3.94,4.22,4.51,4.77,4.92,M,quinto metacarpo
11,46,4.39,0.35,-0.713,4.429,0.076,-0.11,3.7,3.86,4.13,4.43,4.73,5,5.16,M,quinto metacarpo
12,62,4.7,0.35,-0.713,4.644,0.076,0.16,3.88,4.05,4.33,4.64,4.96,5.24,5.41,M,quinto metacarpo
13,50,4.95,0.43,-0.713,4.867,0.076,0.22,4.07,4.24,4.54,4.87,5.2,5.49,5.67,M,quinto metacarpo
14,45,5.16,0.37,-0.713,5.1,0.076,0.15,4.26,4.45,4.76,5.1,5.44,5.75,5.94,M,quinto metacarpo
15,43,5.26,0.3,-0.713,5.342,0.076,-0.2,4.46,4.66,4.98,5.34,5.7,6.03,6.22,M,quinto metacarpo